{
    "add": true,
    "alpha": "file://../blobs/blob0_alpha.png",
    "channels": 4,
    "color": "file://Ground029_2K_Color.fragment.jpg",
    "ols": [
        {
            "offset": -0.3421470522880554,
            "slope": 1.5403084754943848
        },
        {
            "offset": -0.31606799364089966,
            "slope": 1.5490964651107788
        },
        {
            "offset": -0.2446223497390747,
            "slope": 1.5418128967285156
        }
    ],
    "randsize": 50.0,
    "size": [
        2048,
        2048
    ],
    "stepsize": 100.0,
    "upsampling": 1
}