{
    "add": true,
    "alpha": "file://../../blobs/blob0_alpha.png",
    "channels": 4,
    "color": "file://sea-ocean-water-texture-seamless3.fragment.png",
    "ols": [
        {
            "offset": 0.0,
            "slope": 0.0
        },
        {
            "offset": -0.10701030492782593,
            "slope": 1.3857910633087158
        },
        {
            "offset": -0.12882599234580994,
            "slope": 1.3603127002716064
        }
    ],
    "randsize": 50.0,
    "size": [
        2048,
        2048
    ],
    "stepsize": 100.0,
    "upsampling": 1
}